{"uid":"b1a8273437954620fa374b796ffaacdd","name":"behaviors","children":[{"name":"Test 01 for Emergent Application","children":[{"name":"should open the application","uid":"76cd1b983cadff7","parentUid":"f7f4cd64b070aa158585b0fdfdf01e6b","status":"passed","time":{"start":1749558579290,"stop":1749558612541,"duration":33251},"flaky":false,"newFailed":false,"newPassed":false,"newBroken":false,"retriesCount":0,"retriesStatusChange":false,"parameters":["chrome-137.0.7151.69"],"tags":[]}],"uid":"f7f4cd64b070aa158585b0fdfdf01e6b"}]}