{"uid":"98d3104e051c652961429bf95fa0b5d6","name":"suites","children":[{"name":"Test 01 for Emergent Application","children":[{"name":"should open the application","uid":"76cd1b983cadff7","parentUid":"830f1079ec6b6724e3e81023c459d9ac","status":"passed","time":{"start":1749558579290,"stop":1749558612541,"duration":33251},"flaky":false,"newFailed":false,"newPassed":false,"newBroken":false,"retriesCount":0,"retriesStatusChange":false,"parameters":["chrome-137.0.7151.69"],"tags":[]}],"uid":"830f1079ec6b6724e3e81023c459d9ac"}]}