{"uid":"ab17fc5a4eb3bca4b216b548c7f9fcbc","name":"timeline","children":[{"name":"0-0","children":[{"name":"should open the application","uid":"76cd1b983cadff7","parentUid":"516fe00eea05ad99e936fa729b55eff4","status":"passed","time":{"start":1749558579290,"stop":1749558612541,"duration":33251},"flaky":false,"newFailed":false,"newPassed":false,"newBroken":false,"retriesCount":0,"retriesStatusChange":false,"parameters":["chrome-137.0.7151.69"],"tags":[]}],"uid":"516fe00eea05ad99e936fa729b55eff4"}]}