{"uid":"83edc06c07f9ae9e47eb6dd1b683e4e2","name":"packages","children":[{"name":".Users.testvagrant.Desktop.EMERGENTTASK.test.specs.LOGIN_TEST_01.spec.js","children":[{"name":"should open the application","uid":"76cd1b983cadff7","parentUid":"0d1f197df1bf6870e6ee8f998909f2e6","status":"passed","time":{"start":1749558579290,"stop":1749558612541,"duration":33251},"flaky":false,"newFailed":false,"newPassed":false,"newBroken":false,"retriesCount":0,"retriesStatusChange":false,"parameters":["chrome-137.0.7151.69"],"tags":[]}],"uid":".Users.testvagrant.Desktop.EMERGENTTASK.test.specs.LOGIN_TEST_01.spec.js"}]}